{
	"ImportPath": "github.com/Azure/azurefile-dockervolumedriver",
	"GoVersion": "go1.7",
	"GodepVersion": "v74",
	"Packages": [
		"./..."
	],
	"Deps": [
		{
			"ImportPath": "github.com/Azure/azure-sdk-for-go/storage",
			"Comment": "v1.2-328-gbc148c2",
			"Rev": "bc148c2c7ee5113748941126b465e4ad6eee8e1d"
		},
		{
			"ImportPath": "github.com/Sirupsen/logrus",
			"Comment": "v0.9.0",
			"Rev": "be52937128b38f1d99787bb476c789e2af1147f1"
		},
		{
			"ImportPath": "github.com/codegangsta/cli",
			"Comment": "1.2.0-143-ga65b733",
			"Rev": "a65b733b303f0055f8d324d805f393cd3e7a7904"
		},
		{
			"ImportPath": "github.com/coreos/go-systemd/activation",
			"Comment": "v11-10-g5c49e48",
			"Rev": "5c49e4850c879a0ddc061e8f4adcf307de8a8bc2"
		},
		{
			"ImportPath": "github.com/coreos/go-systemd/util",
			"Comment": "v11-10-g5c49e48",
			"Rev": "5c49e4850c879a0ddc061e8f4adcf307de8a8bc2"
		},
		{
			"ImportPath": "github.com/coreos/pkg/dlopen",
			"Comment": "v3",
			"Rev": "3ac0863d7acf3bc44daf49afef8919af12f704ef"
		},
		{
			"ImportPath": "github.com/docker/go-connections/sockets",
			"Comment": "v0.2.1-2-g0bad1a3",
			"Rev": "0bad1a3951398f88ef4dd75fdb42af374430be89"
		},
		{
			"ImportPath": "github.com/docker/go-plugins-helpers/sdk",
			"Rev": "f3a3876798ee4f63bee3e7ee8911a2c27e7710b9"
		},
		{
			"ImportPath": "github.com/docker/go-plugins-helpers/volume",
			"Rev": "f3a3876798ee4f63bee3e7ee8911a2c27e7710b9"
		},
		{
			"ImportPath": "github.com/opencontainers/runc/libcontainer/user",
			"Comment": "v0.0.7-23-g5fe15a5",
			"Rev": "5fe15a53b6c1094d18746399d828997825e053c8"
		},
		{
			"ImportPath": "golang.org/x/net/proxy",
			"Rev": "7394c112eae4dba7e96bfcfe738e6373d61772b4"
		},
		{
			"ImportPath": "golang.org/x/sys/unix",
			"Rev": "a646d33e2ee3172a661fc09bca23bb4889a41bc8"
		}
	]
}
